品番,グレード,仕様,本体番号,レベライザー,AFS,見た目,,備考
SU003-07939   ,G,LED,100-60345, ,,,, 
SU003-07938   ,G,LED,100-60345, ,,,, 
SU003-06972   , ,LED,100-60345, ,,,, 
SU003-06971   , ,LED,100-60345, ,,,, 
SU003-02506   ,GT,HID,100-60082, ,,,, 
SU003-02505   ,GT,HID,100-60082, ,,,, 
SU003-02500   ,RC&RCG,ハロゲン,100-60085, ,,,, 
SU003-02499   ,RC&RCG,ハロゲン,100-60085, ,,,, 
81150-B1441,Z,LED,1991,,,,, 
81150-97434   ,VS,ハロゲン,P2359,,,,, 
81150-97429   ,V&X,ハロゲン,P2359,,,,, 
81150-76092   , ,ハロゲン,May-76, 2022/5/12ここからスタート,,,, 
81150-75161   , ,LED,75-15, ,,,, 
81150-52F81   ,G&S,ハロゲン,52-244,,,エクステンション スモーク,,ハロゲン（エクステンション スモーク）
81150-52F62 , ,ハロゲン,52-258,,,,, 
81150-52F61, ,ハロゲン,52-258,,,,, 
81150-52E61   , ,ハロゲン,52-244,,,,, 
81150-52B91   ,RS,ハロゲン,52-184,,,,, 
81150-33420   ,TOU,ハロゲン,33-64, ,,,, 
81150-33410   ,24G,ハロゲン,33-64, ,,,, 
81110-B1441,Z,LED,1991,,,,,メモ　81110と81150で抜き出しているので他にもヘッドライトあると思う
81110-97434,VS,ハロゲン,P2359,,,,, 
81110-97429   ,V&X,ハロゲン,P2359,,,,, 
81110-76092   , ,ハロゲン,May-76, ,,,, 
81110-75161   , ,LED,75-15, ,,,, 
81110-52F81   ,G&S,ハロゲン,52-244,,,エクステンション スモーク,,ハロゲン（エクステンション スモーク）
81110-52F62, ,ハロゲン,52-258,,,,, 
81110-52F61, ,ハロゲン,52-258,,,,, 
81110-52E61   , ,ハロゲン,52-244,,,,, 
81110-33420   ,TOU,ハロゲン,33-64, ,,,, 
81110-33410   ,24G,ハロゲン,33-64, ,,,, 
81110-B1430   ,G&X,LED,1990,,,,, 
81150-B1430   ,G&X,LED,1990,,,,, 
81110-B1441   ,Z,LED,1991,,,,, 
81150-B1441   ,Z,LED,1991,,,,, 
81110-B1431   ,G&X,LED,1990,,,,, 
81150-B1431   ,G&X,LED,1990,,,,, 
81110-52570   ,B&F&U&X,ハロゲン,52-134,,,,, 
81110-52620   ,RS,HID,52-139,,,,, 
81150-52560   ,B&F&U&X,ハロゲン,52-134,,,,, 
81150-52610   ,RS,HID,52-139,,,,, 
81110-52590   ,B&F&U&X,ハロゲン,52-169,,,,, 
81110-52621   ,RS,HID,52-170,,,,, 
81110-52820   ,ILL,ハロゲン,52-169,,,,, 
81150-52580   ,B&F&U&X,ハロゲン,52-169,,,,, 
81150-52611   ,RS,HID,52-170,,,,, 
81150-52810   ,ILL,ハロゲン,52-169,,,,, 
81110-52A00   ,F&ILL&U,HID,52-183,,,,,ディスチャージ
81110-52A10   ,B&F&U,ハロゲン,52-184,,,,, 
81110-52A20   ,ILL,ハロゲン,52-184,,,,, 
81150-52890   ,F&ILL&U,HID,52-183,,,,,ディスチャージ
81150-52A00   ,B&F&U,ハロゲン,52-184,,,,, 
81150-52A10   ,ILL,ハロゲン,52-184,,,,, 
81110-52860   ,RS,ハロゲン,52-169,,,,, 
81150-52850   ,RS,ハロゲン,52-169,,,,, 
81110-52C00   ,RS,HID,52-183,,,,, 
81150-52B90   ,RS,HID,52-183,,,,, 
81150-52B80   ,RS,ハロゲン,52-184,,,,, 
81110-52A01   ,F&ILL&U,HID,52-183,,,,,ディスチャージ
81110-52C01   ,RS,HID,52-183,,,,, 
81150-52891   ,F&ILL&U,HID,52-183,,,,,ディスチャージ
81150-52B91   ,RS,ハロゲン,52-184,,,,, 
81110-K0030   ,HBDZ&Z,LED,K0-3,,,,, 
81150-K0030   ,HBDZ&Z,LED,K0-3,,,,, 
81110-97241   , ,ハロゲン,R7368,,,,, 
81150-97241   , ,ハロゲン,R7368,,,,, 
81110-97429   ,V&X,ハロゲン,P2359,,,,, 
81110-97434   ,VS,ハロゲン,P2359,,,,, 
81150-97429   ,V&X,ハロゲン,P2359,,,,, 
81150-97434   ,VS,ハロゲン,P2359,,,,, 
81110-B1060   ,X,HID,100-51767,,,グレーハウジング,,ＨＩＤ（グレーハウジング）
81150-B1060   ,X,HID,100-51767,,,グレーハウジング,,ＨＩＤ（グレーハウジング）
81110-B1010   ,G&X,ハロゲン,100-51762,レベライザー無,,,, 
81150-B1010   ,G&X,ハロゲン,100-51762,レベライザー無,,,, 
81110-B1070   ,RACY,ハロゲン,100-51762,レベライザー無,,,, 
81110-B1130   ,RACY,HID,100-51767,レベライザー無,,ブラックハウジング,,ＨＩＤ（ブラックハウジング）
81150-B1070   ,RACY,ハロゲン,100-51762,レベライザー無,,,, 
81150-B1130   ,RACY,HID,100-51767,レベライザー無,,ブラックハウジング,,ＨＩＤ（ブラックハウジング）
81110-B1230   ,G&X,ハロゲン,100-51762,レベライザー付,,,,Ｗ／レベリング
81110-B1240   ,G&X,HID,100-51767,レベライザー付,,グレーハウジング,,ＨＩＤ（グレーハウジング）&Ｗ／レベリング
81110-B1250   ,RACY,ハロゲン,100-51762,レベライザー付,,,,Ｗ／レベリング
81110-B1260   ,RACY,HID,100-51767,レベライザー付,,ブラックハウジング,,ＨＩＤ（ブラックハウジング）&Ｗ／レベリング
81150-B1230   ,G&X,ハロゲン,100-51762,レベライザー付,,,,Ｗ／レベリング
81150-B1240   ,G&X,HID,100-51767,レベライザー付,,グレーハウジング,,ＨＩＤ（グレーハウジング）&Ｗ／レベリング
81150-B1250   ,RACY,ハロゲン,100-51762,レベライザー付,,,,Ｗ／レベリング
81150-B1260   ,RACY,HID,100-51767,レベライザー付,,ブラックハウジング,,ＨＩＤ（ブラックハウジング）&Ｗ／レベリング
81110-B1120   ,HANA,ハロゲン,100-51007,,,,, 
81110-B1290   ,G&X,ハロゲン,100-51005,,,,, 
81110-B1310   ,HANA,HID,100-51006,,,,,＋ＨＡＮＡ（ＨＩＤ ４灯）
81150-B1120   ,HANA,ハロゲン,100-51007,,,,, 
81150-B1290   ,G&X,ハロゲン,100-51005,,,,, 
81150-B1310   ,HANA,HID,100-51006,,,,,＋ＨＡＮＡ（ＨＩＤ ４灯）
81110-B1360   ,G&X,ハロゲン,100-51397,,,,, 
81110-B1370   ,G&X,HID,100-51398,,,,,ＳＴＤ（ＨＩＤ ２灯）
81110-B1380   ,HANA,HID,100-51400,,,,,Ｔ－＋ＨＡＮＡ（ＨＩＤ ４灯）
81110-B1390   ,HANA,ハロゲン,100-51399,,,,, 
81150-B1360   ,G&X,ハロゲン,100-51397,,,,, 
81150-B1370   ,G&X,HID,100-51398,,,,,ＳＴＤ（ＨＩＤ ２灯）
81150-B1380   ,HANA,HID,100-51400,,,,,Ｔ－＋ＨＡＮＡ（ＨＩＤ ４灯）
81150-B1390   ,HANA,ハロゲン,100-51399,,,,, 
81110-B1400   ,X,ハロゲン,100-69026,,,,, 
81110-B1410   ,X,LED,100-69027,,,,,ＳＴＤ（ＬＥＤ）
81110-B1420   ,MODA,LED,100-69028,,,,, 
81150-B1400   ,X,ハロゲン,100-69026,,,,, 
81150-B1410   ,X,LED,100-69027,,,,,ＳＴＤ（ＬＥＤ）
81150-B1420   ,MODA,LED,100-69028,,,,, 
81110-52670   , ,ハロゲン,52-156,,,,, 
81110-52800   ,G,ハロゲン,52-168,,,,,Ｓパッケージ＆２灯ハロゲン（Ｓパッケージ用）
81150-52660   , ,ハロゲン,52-156,,,,, 
81150-52790   ,G,ハロゲン,52-168,,,,,Ｓパッケージ＆２灯ハロゲン（Ｓパッケージ用）
81110-52680   ,X,HID,52-157,,,,,ＨＩＤ ＳＥＬＥＣＴＩＯＮ ２
81150-52670   ,X,HID,52-157,,,,,ＨＩＤ ＳＥＬＥＣＴＩＯＮ ２
81110-B1140   , ,ハロゲン,B1-1,,,,, 
81110-B1150   , ,HID,B1-2,,,,,２灯 ＨＩＤ ＴＭＣ
81150-B1140   , ,ハロゲン,B1-1,,,,, 
81150-B1150   , ,HID,B1-2,,,,,２灯 ＨＩＤ ＴＭＣ
81110-B1350   , ,HID,100-51096,,,,, 
81150-B1350   , ,HID,100-51096,,,,, 
81110-52420   , ,ハロゲン,52-123,レベライザー無,,,, 
81110-52430   , ,HID,52-124,レベライザー無,,,,ディスチャージ
81150-52420   , ,ハロゲン,52-123,レベライザー無,,,, 
81150-52430   , ,HID,52-124,レベライザー無,,,,ディスチャージ
81110-52421   , ,ハロゲン,52-123,レベライザー付,,,, 
81110-52431   , ,HID,52-124,レベライザー付,,,,ディスチャージ
81150-52421   , ,ハロゲン,52-123,レベライザー付,,,, 
81150-52431   , ,HID,52-124,レベライザー付,,,,ディスチャージ
81110-52830   , ,ハロゲン,52-171,,,,, 
81110-52840   , ,HID,52-172,,,,,ディスチャージ
81150-52820   , ,ハロゲン,52-171,,,,, 
81150-52830   , ,HID,52-172,,,,,ディスチャージ
81110-52E50   ,DICE&DICEG,HID,52-240,,,,, 
81150-52E50   ,DICE&DICEG,HID,52-240,,,,, 
81110-52G50   ,X,,,,,,, 
81110-52G60   ,G,HID,52-265,,,,, 
81150-52G40   ,X,,,,,,, 
81150-52G50   ,G,HID,52-265,,,,, 
81110-B1270   , ,ハロゲン,100-51958,,,,, 
81110-B1280   , ,HID,100-51959,,,,,２灯 ＨＩＤ
81150-B1270   , ,ハロゲン,100-51958,,,,, 
81150-B1280   , ,HID,100-51959,,,,,２灯 ＨＩＤ
81110-52F40   , ,ハロゲン,52-260,,,,, 
81110-52F50   ,F&G&X&Y,HID,52-261,,,,,ディスチャージ４灯 タイプＢ
81110-52F70   ,F&G&X&Y,HID,52-259,,,,,ディスチャージ４灯 タイプＡ
81150-52F40   , ,ハロゲン,52-260,,,,, 
81150-52F50   ,F&G&X&Y,HID,52-261,,,,,ディスチャージ４灯 タイプＢ
81150-52F70   ,F&G&X&Y,HID,52-259,,,,,ディスチャージ４灯 タイプＡ
81110-52F62   , ,ハロゲン,52-258,,,,, 
81150-52F62   , ,ハロゲン,52-258,,,,, 
81110-B1570   ,G&X,ハロゲン,W3920,,,,, 
81110-B1580   ,CTMG,LED,W3918,,,,, 
81110-B1590   ,G&X,ハロゲン,W3919,,,,, 
81110-B1600   ,CTMG,LED,W3917,,,,, 
81150-B1530   ,G&X,ハロゲン,W3920,,,,, 
81150-B1540   ,CTMG,LED,W3918,,,,, 
81150-B1550   ,G&X,ハロゲン,W3919,,,,, 
81150-B1560   ,CTMG,LED,W3917,,,,, 
81110-52E90   ,G&S,LED,52-247,,,,,ＬＥＤ
81150-52E90   ,G&S,LED,52-247,,,,,ＬＥＤ
81110-52G70   ,G,ハロゲン,52-244, ,,エクステンション ブラック,,ハロゲン（Ｇ’ｓ ＆ エクステンション ブラック）
81150-52G70   ,G,ハロゲン,52-244, ,,エクステンション ブラック,,ハロゲン（Ｇ’ｓ ＆ エクステンション ブラック）
81110-52E61   , ,ハロゲン,52-244, ,,,, 
81110-52F81   ,G&S,ハロゲン,52-244, ,,エクステンション スモーク,,ハロゲン（エクステンション スモーク）
81150-52E61   , ,ハロゲン,52-244, ,,,, 
81150-52F81   ,G&S,ハロゲン,52-244, ,,エクステンション スモーク,,ハロゲン（エクステンション スモーク）
81110-52K40   , ,ハロゲン,52-291, ,,,, 
81110-52K60   ,G&S&XRBN,LED,52-293, ,,,,ＬＥＤ
81110-52K80   ,G,LED,52-247, ,,,,ＬＥＤ（Ｇ’ｓ）
81150-52K40   , ,ハロゲン,52-291, ,,,, 
81150-52K60   ,G&S&XRBN,LED,52-293, ,,,,ＬＥＤ
81150-52K80   ,G,LED,52-247, ,,,,ＬＥＤ（Ｇ’ｓ）
81110-52730   , ,ハロゲン,52-163, ,,,, 
81110-52740   , ,HID, , ,,,,ディスチャージ
81150-52720   , ,ハロゲン,52-163, ,,,, 
81150-52730   , ,HID , , ,,,,ディスチャージ
81110-01080   , ,ハロゲン,1月14日, ,,,, 
81150-01080   , ,ハロゲン,1月14日, ,,,, 
81110-47640   ,S,ハロゲン,47-64, ,,,, 
81150-47640   ,S,ハロゲン,47-64, ,,,, 
81110-47660   ,S,LED,47-65, ,,,,スマートエントリ－有り（フロント ＆ バックドア） ＆ 無し（パニックボタン）＆ＬＥＤ
81150-47660   ,S,LED,47-65, ,,,,スマートエントリ－有り（フロント ＆ バックドア） ＆ 無し（パニックボタン）＆ＬＥＤ
81110-47760   ,S,LED,47-65, ,,,,Ｇ’ｓ ＯＲ ＧＲ ＳＰＯＲＴ＆Ｓ“ツーリングセレクション”＊（Ｔ）＆スマートエントリ－有り（フロント ＆ バックドア） ＆ 無し（パニック ボタン）＆ＬＥＤ（Ｇ’ｓ ＯＲ ＧＲ ＳＰＯＲＴ用）
81150-47620   ,S,LED,47-65, ,,,,Ｇ’ｓ ＯＲ ＧＲ ＳＰＯＲＴ＆Ｓ“ツーリングセレクション”＊（Ｔ）＆スマートエントリ－有り（フロント ＆ バックドア） ＆ 無し（パニック ボタン）＆ＬＥＤ（Ｇ’ｓ ＯＲ ＧＲ ＳＰＯＲＴ用）
81110-47641   ,S,ハロゲン,47-64, ,,,, 
81150-47641   ,S,ハロゲン,47-64, ,,,, 
81110-47810   ,S,ハロゲン,47-64, ,,,,Ｓ“ｔｕｎｅ ＢＬＡＣＫ Ⅱ”＊（Ａ）＆クルーズコントロール－有り（ミリ波レーダー式）＆ハロゲン ＆ ＊ＡＨＢ
81150-47810   ,S,ハロゲン,47-64, ,,,,Ｓ“ｔｕｎｅ ＢＬＡＣＫ Ⅱ”＊（Ａ）＆クルーズコントロール－有り（ミリ波レーダー式）＆ハロゲン ＆ ＊ＡＨＢ
81110-76170   , ,LED,, ,,,,ＬＥＤ
81150-76170   , ,LED,, ,,,,ＬＥＤ
81110-76092   ,B,ハロゲン,May-76, ,,,, 
81150-76092   ,B,ハロゲン,May-76, ,,,, 
81110-76180   ,B,LED, , ,,,, 
81150-76180   ,B,LED, , ,,,, 
81110-76181   ,B,LED, , ,,,, 
81150-76181   ,B,LED, , ,,,, 
81110-53250   , ,HID,53-33, ,,,,ヘルプネット無し
81150-53250   , ,HID,53-33, ,,,,ヘルプネット無し
81110-53360   , ,ハロゲン, , ,,,,ハロゲン
81150-53360   , ,ハロゲン, , ,,,,ハロゲン
81110-53490   , ,HID, , ,,,, 
81150-53490   , ,HID, , ,,,, 
81110-53491   , ,HID, , ,,,, 
81150-53491   , ,HID, , ,,,, 
81110-53492   , ,HID, , ,,,, 
81150-53492   , ,HID, , ,,,, 
81110-53493   , ,HID, , ,,,, 
81150-53493   , ,HID, , ,,,, 
81110-53450   , ,HID, , ,,,, 
81150-53450   , ,HID, , ,,,, 
81110-53590   , ,HID, , ,,,, 
81150-53590   , ,HID, , ,,,, 
81110-53591   , ,HID, , ,,,, 
81150-53591   , ,HID, , ,,,, 
81110-53592   , ,HID, , ,,,, 
81150-53592   , ,HID, , ,,,, 
81110-53593   , ,HID, , ,,,, 
81150-53593   , ,HID, , ,,,, 
81110-53494   , ,HID, , ,,,,Ｆ ＳＰＯＲＴ
81110-53594   , ,HID, , ,,,, 
81150-53494   , ,HID, , ,,,,Ｆ ＳＰＯＲＴ
81150-53594   , ,HID, , ,,,, 
SU003-02499   ,RC&RCG,ハロゲン,100-60085, ,,,, 
SU003-02500   ,RC&RCG,ハロゲン,100-60085, ,,,, 
SU003-02505   ,GT,HID,100-60082, ,,,, 
SU003-02506   ,GT,HID,100-60082, ,,,, 
81110-WY020   ,CB, , , ,,,,ｓｔｙｌｅ Ｃｂ
81150-WY020   ,CB, , , ,,,,ｓｔｙｌｅ Ｃｂ
SU003-06971   , ,LED,100-60345, ,,,, 
SU003-06972   , ,LED,100-60345, ,,,, 
81110-2B880   , ,HID,20-427, ,,,,ｱﾘ(ﾃﾞｲｽﾁﾔ-ｼﾞ)
81110-2D010   , ,HID,20-423, ,,,,ｱﾘ(ﾃﾞｲｽﾁﾔ-ｼﾞ)
81150-2B840   , ,HID,20-427, ,,,プレミオ用,ｱﾘ(ﾃﾞｲｽﾁﾔ-ｼﾞ)
81150-2B860   , ,HID, , ,,,アリオン用,ｱﾘ(ﾃﾞｲｽﾁﾔ-ｼﾞ)
81110-20A40   , ,HID,20-427, ,,,ﾌﾟﾚﾐｱﾑ ｴﾃﾞｲｼﾖﾝ *(B),ﾌﾟﾚﾐｱﾑ ｴﾃﾞｲｼﾖﾝ *(B)
81150-20A40   , ,HID,20-427, ,,,ﾌﾟﾚﾐｱﾑ ｴﾃﾞｲｼﾖﾝ *(B),ﾌﾟﾚﾐｱﾑ ｴﾃﾞｲｼﾖﾝ *(B)
81110-20A00   , , , , ,,,プレミオ用, 
81110-20A10   , ,HID, , ,,,,ｱﾘ(ﾃﾞｲｽﾁﾔ-ｼﾞ)
81110-20A20   , ,ハロゲン,20-440, ,,,, 
81110-20A30   , ,HID,20-441, ,,,,ｱﾘ(ﾃﾞｲｽﾁﾔ-ｼﾞ)
81150-20A00   , ,ハロゲン,20-486, ,,,, 
81150-20A10   , ,HID,20-439, ,,,,ｱﾘ(ﾃﾞｲｽﾁﾔ-ｼﾞ)
81150-20A20   , ,ハロゲン,20-440, ,,,, 
81150-20A30   , ,HID,20-441, ,,,,ｱﾘ(ﾃﾞｲｽﾁﾔ-ｼﾞ)
81110-20A60   , ,ハロゲン,20-440, ,,,,ｱﾘ(ﾊﾛｹﾞﾝ)&Gﾊﾟﾂｹｰｼﾞ 60TH ｽﾍﾟｼｬﾙｴﾃﾞｨｼｮﾝ *(D)
81150-20A60   , ,ハロゲン,20-440, ,,,,ｱﾘ(ﾊﾛｹﾞﾝ)&Gﾊﾟﾂｹｰｼﾞ 60TH ｽﾍﾟｼｬﾙｴﾃﾞｨｼｮﾝ *(D)
81110-21150   ,GT4&ZT,HID,21-67, ,,,, 
81150-21150   ,GT4&ZT,HID,21-67, ,,,, 
81110-33410   ,24G,ハロゲン,33-64, ,,,, 
81110-33420   ,TOU,ハロゲン,33-64, ,,,, 
81150-33410   ,24G,ハロゲン,33-64, ,,,, 
81150-33420   ,TOU,ハロゲン,33-64, ,,,, 
81110-33500   ,24G,ハロゲン,33-89, ,,,, 
81110-33510   ,TOU,ハロゲン, , ,,,, 
81150-33400   ,24G,ハロゲン,33-89, ,,,, 
81150-33500   ,TOU,ハロゲン, , ,,,, 
81110-33A10   , , , , ,,,, 
81150-33A10   , , , , ,,,, 
81110-33E60   , , , , ,,,,“Ｇ ＰＡＣＫＡＧＥ ＰＲＥＭＩＵＭ ＢＬＡＣＫ”＊（Ａ）
81150-33E60   , , , , ,,,,“Ｇ ＰＡＣＫＡＧＥ ＰＲＥＭＩＵＭ ＢＬＡＣＫ”＊（Ａ）
81145-WAA02   , , , , ,,,, 
81145-WAA05   , ,LED, , ,,,,ＬＥＤ
81185-WAA02   , , , , ,,,, 
81185-WAA05   , ,LED, , ,,,,ＬＥＤ
81110-75161   , ,LED,75-15, ,,,, 
81150-75161   , ,LED,75-15, ,,,, 
81110-75120   ,G,LED,Jun-75, ,,,, 
81150-75120   ,G,LED,Jun-75, ,,,, 
81110-75010   ,S,HID,Apr-75, ,,,, 
81110-75020   ,S,HID,May-75, ,,,,ディスチャージ＆＊ＡＦＬＳ
81150-75010   ,S,HID,Apr-75, ,,,, 
81150-75020   ,S,HID,May-75, ,,,,ディスチャージ＆＊ＡＦＬＳ
81110-75121   ,G, , , ,,,, 
81150-75121   ,G, , , ,,,, 
81110-75170   ,S, , , ,,,,九州限定車
81150-75170   ,S, , , ,,,,九州限定車
81110-75150   , ,LED,75-14, ,,,, 
81150-75150   , ,LED,75-14, ,,,, 
81110-22A20   ,300GP,HID,22-331, ,付き,,, 
81110-22A30   , ,ハロゲン,22-332, ,,,,Ｆパッケージ
81150-22A20   ,300GP,HID, , ,付き,,, 
81150-22A30   , ,ハロゲン,22-332, ,,,,Ｆパッケージ
81110-22714   ,AVT, , , ,,,,ｱﾊﾞﾝﾃ ﾛ-ﾄﾞﾘ-&FOUR ﾛ-ﾄﾞﾘ- *(X)
81150-22714   ,AVT, , , ,,,,ｱﾊﾞﾝﾃ ﾛ-ﾄﾞﾘ-&FOUR ﾛ-ﾄﾞﾘ- *(X)
81110-24110   , ,HID,24-50,付き,,,, 
81150-24110   , ,HID,24-50,付き,,,, 
81110-51050   , ,HID,51-25,付き,,,,ｱﾘ(ﾃﾞｲｽﾁﾔ-ｼﾞ)
81150-51050   , ,HID,51-25,付き,,,,ｱﾘ(ﾃﾞｲｽﾁﾔ-ｼﾞ)
81110-51060   , ,HID, , ,,,, 
81150-51060   , ,, , ,,,, 
81110-51061   , ,HID,51-16,付き,,,, 
81150-51061   , ,HID,51-16,付き,,,, 
81110-51070   , ,HID,51-16,付き,,,,ﾌﾟﾚﾐｱﾑ *(P)
81150-51070   , ,HID,51-16,付き,,,,ﾌﾟﾚﾐｱﾑ *(P)
81110-51090   , , , , ,,,,ｴﾚｶﾞﾝｽ ﾊﾟｯｹ-ｼﾞ
81110-51100   , ,HID,51-33, ,,,, 
81150-51090   , , , , ,,,,ｴﾚｶﾞﾝｽ ﾊﾟｯｹ-ｼﾞ
81150-51100   , , , , ,,,, 
81110-3A560   ,ATH&ATHE&ATHG&ATHV,HID,100-76942,付き,,,, 
81150-3A680   ,ATH&ATHE&ATHG&ATHV,HID,100-76942,付き,,,, 
81120-3A730   ,ATH,WG, , ,,,,ﾌﾟﾚﾐｱﾑ *(P)
81160-3A850   ,ATH,WG, , ,,,,ﾌﾟﾚﾐｱﾑ *(P)
81110-3A730   , ,HID,100-76942,付き,,,, 
81150-3A850   , , , , ,,,, 
81110-30C20   , ,HID,30-39,付き,,,, 
81150-30C20   , ,HID,30-339,付き,,,, 
81110-30A30   ,ROYG,HID,30-313,付き,,,, 
81110-30A40   ,ROYG,HID,30-313,付き,,,,ナイトビュー－有り
81110-30A50   ,ATH,HID ,30-313,付き,,,, 
81110-30A60   ,ROY&ROYEX,HID,30-301,付き,,,, 
81150-30A50   ,ROYG,HID,30-313,付き,,,, 
81150-30A60   ,ROYG,HID,30-314,付き,,,,ナイトビュー－有り
81150-30A70   ,ATH,HID,30-313,付き,,,, 
81150-30A80   ,ROY&ROYEX,HID,30-301,付き,,,, 
81110-30B00   , ,HID,30-315,付き,,,, 
81110-30B10   , ,HID,30-316,付き,,,,ナイトビュー－有り
81150-30B20   , ,HID,30-315,付き,,,, 
81150-30B30   , ,HID, ,付き,,,,ナイトビュー－有り
81110-30A00   ,ROY,HID,30-301,付き,,,,Ｆパッケージ（個人タクシー用）
81110-30A10   ,ROY&ROYEX&ROYG,HID,30-313,付き,,,, 
81110-30A70   , ,HID,30-313,付き,,,,有り（ナイトビュー）
81110-30A80   ,ATH,HID,30-313,付き,,,, 
81110-3A480   , , , , ,,,,ナビゲーション付ＥＭＶ－ＧＰＳ ＆ ヘルプネット ＆ ＥＴＣ ＆ ＴＥＬ ＆ ナイトビュー＆有り（ナイトビュー）
81150-30A10   ,ROY,HID,30-301,付き,,,,Ｆパッケージ（個人タクシー用）
81150-30A20   ,ROY&ROYEX&ROYG,HID,30-313,付き,,,, 
81150-30A30   , ,HID,30-313,付き,,,,有り（ナイトビュー）
81150-30A90   ,ATH,HID,30-313,付き,,,, 
81150-3A190   , ,HID,30-314,付き,,,,ナビゲーション付ＥＭＶ－ＧＰＳ ＆ ヘルプネット ＆ ＥＴＣ ＆ ＴＥＬ ＆ ナイトビュー＆有り（ナイトビュー）
81110-30C30   , ,HID,30-315,付き,,,, 
81110-30C40   , , , , ,,,,有り（ナイトビュー）
81150-30C30   , ,HID,30-315,付き,,,, 
81150-30C40   , , , , ,,,,有り（ナイトビュー）
81110-30C50   ,ROY&ROYG,HID,30-341,付き,,,, 
81110-30C60   ,ATH,HID,30-341,付き,,,, 
81150-30C50   ,ROY&ROYG,HID,30-341,付き,,,, 
81150-30C60   ,ATH,HID,30-341,付き,,,, 
81110-30C70   , ,HID,30-344,付き,,,, 
81110-30C80   , , , , ,,,,プリクラッシュシステム－有り（＊ＤＭＯ＆＊ＲＰＣＳ）
81150-30C70   , ,HID,30-344?,付き,,,, 
81150-30C80   , , , , ,,,,プリクラッシュシステム－有り（＊ＤＭＯ＆＊ＲＰＣＳ）
81110-30C81   , , , , ,,,,プリクラッシュシステム－有り（＊ＤＭＯ＆＊ＲＰＣＳ）
81150-30C81   , , , , ,,,,プリクラッシュシステム－有り（＊ＤＭＯ＆＊ＲＰＣＳ）
81110-30C71   , ,HID?,30-344?, ,,,, 
81150-30C71   , , , , ,,,, 
81110-30C51   ,ROY&ROYG,HID,30-341,付き,,,, 
81110-30C61   ,ATH,HID,30-341,付き？,,,, 
81110-30C82   , , , , ,,,,プリクラッシュシステム－有り（＊ＤＭＯ＆＊ＲＰＣＳ）
81150-30C51   ,ROY&ROYG, , , ,,,, 
81150-30C61   ,ATH,HID,30-341, ,,,, 
81150-30C82   , , , , ,,,,プリクラッシュシステム－有り（＊ＤＭＯ＆＊ＲＰＣＳ）
81110-30C72   , ,HID,30-344, ,,,, 
81150-30C72   , ,HID,30-344, ,,,, 
81110-30E90   , , , , ,,,, 
81110-30F00   , , , , ,,,,ナイトビュー－有り（歩行者検知機能付き）
81150-30F00   , , , , ,,,, 
81150-30F10   , , , , ,,,,ナイトビュー－有り（歩行者検知機能付き）
81110-30C52   ,ROY&ROYG, , , ,,,, 
81110-30C62   ,ATH,HID,30-341, ,付き,,, 
81110-30E91   , ,HID, ,付き,付き,,, 
81110-30F01   , , , , ,,,,ナイトビュー－有り（歩行者検知機能付き）
81150-30C52   ,ROY&ROYG,HID,30-341,付き,付き,,, 
81150-30C62   ,ATH,HID,30-341, ,付き,,, 
81150-30F01   , , , , ,,,, 
81150-30F11   , , , , ,,,,ナイトビュー－有り（歩行者検知機能付き）
81110-30J80   ,ROY,HID,30-341, ,付き,,,“Ａｎｎｉｖｅｒｓａｒｙ Ｅｄｉｔｉｏｎ” ＊（Ｂ） ＯＲ ＊（Ｒ），＊３１３
81110-30J90   ,ATH,HID,30-341, ,付き,,,“Ａｎｎｉｖｅｒｓａｒｙ Ｅｄｉｔｉｏｎ” ＊（Ｂ） ＯＲ ＊（Ｒ），＊３１３
81150-30J80   ,ROY,HID,30-341, ,,,,“Ａｎｎｉｖｅｒｓａｒｙ Ｅｄｉｔｉｏｎ” ＊（Ｂ） ＯＲ ＊（Ｒ），＊３１３
81150-30J90   ,ATH,HID,30-341, ,,,,“Ａｎｎｉｖｅｒｓａｒｙ Ｅｄｉｔｉｏｎ” ＊（Ｂ） ＯＲ ＊（Ｒ），＊３１３
81110-30E40   ,ROY&ROYAL, , , ,,,, 
81110-30E50   ,ROYG,HID, ,付き,付き,,, 
81110-30E60   ,ATH&ATHS,HID?, , ,無し？,,, 
81110-30K00   ,ATHG, , , ,,,, 
81150-30E40   ,ROY&ROYAL, , , ,,,, 
81150-30E50   ,ROYG,HID, ,付き？,,,, 
81150-30E60   ,ATH&ATHS,HID, , ,無し,,, 
81150-30K00   ,ATHG, , , ,,,, 
81110-30K10   , , ,30-414, ,,,, 
81150-30K10   , , ,30-414, ,,,, 
81110-30J20   ,ATHS,HID,30-401?,付き？,無し？,,,“Ｂｌａｃｋ Ｓｔｙｌｅ”＊（Ａ） ｏｒ ＊（Ｂ）
81150-30J20   ,ATHS, , , ,,,,“Ｂｌａｃｋ Ｓｔｙｌｅ”＊（Ａ） ｏｒ ＊（Ｂ）
81110-30K11   , ,LED,33-414？,付き？,,,, 
81150-30K11   , ,LED, , ,,,, 
81110-30M10   ,ROYG,, , ,,,, 
81110-30M20   ,ATHG,,, ,,,, 
81110-30M40   ,ATHG,LED, , ,,,, 
81150-30M10   ,ROYG,LED,30-444, ,,,, 
81150-30M20   ,ATHG, , , ,,,, 
81150-30M40   ,ATHG, , , ,,,, 
81110-30L90   ,ROY&ROYAL,LED?,30-443?, ,無し？,,, 
81110-30M00   ,ATH&ATHS,LED,30-443, ,,,, 
81110-30M30   ,ATH&ATHS, , , ,,,, 
81150-30L90   ,ROY&ROYAL, , , ,,,, 
81150-30M00   ,ATH&ATHS,LED,30-443,付き,,,, 
81150-30M30   ,ATH&ATHS, , , ,,,, 
81110-30M11   ,ROYG,,, ,,,, 
81110-30M21   ,ATHG,LED,30-444, ,付き,,, 
81110-30M41   ,ATHG, , , ,,,, 
81150-30M11   ,ROYG,LED,30-444?, ,,,, 
81150-30M21   ,ATHG,LED,30-444, ,付き,,, 
81150-30M41   ,ATHG, , , ,,,, 
81110-30L91   ,ROYAL,LED?,30-443, ,,,, 
81150-30L91   ,ROYAL, , , ,,,, 
81110-30M01   ,ATHS, , , ,,,,アスリート“Ｊ－ＦＲＯＮＴＩＥＲ”＊（Ｇ）ｏｒ＊（Ｈ）
81150-30M01   ,ATHS, , , ,,,,アスリート“Ｊ－ＦＲＯＮＴＩＥＲ”＊（Ｇ）ｏｒ＊（Ｈ）
81110-30M12   ,ROYG,, , ,,,, 
81110-30M22   ,ATHG,LED, , ,,,, 
81110-30M31   ,ATH&ATHS,LED,30-443, ,無し,,, 
81110-30M42   ,ATHG,LED,30-444, ,付き？,,, 
81150-30M12   ,ROYG,LED,30-444, ,付き？,,, 
81150-30M22   ,ATHG, , , ,,,, 
81150-30M31   ,ATH&ATHS,LED,30-443, ,,,, 
81150-30M42   ,ATHG,LED,30-444, ,,,, 
81110-30872   , ,HID,30-234, ,,,,ｱﾘ(ﾃﾞｲｽﾁﾔ-ｼﾞ)
81150-3A422   , ,, , ,,,,ｱﾘ(ﾃﾞｲｽﾁﾔ-ｼﾞ)
81110-3A570   , ,HID, , ,,,, 
81110-3A590   , ,HID,30-234,付き,,,,ｱﾘ(ﾃﾞｲｽﾁﾔ-ｼﾞ)
81150-3A690   , ,ハロゲン,, ,,,, 
81150-3A710   , ,HID,30-234,,,,,ｱﾘ(ﾃﾞｲｽﾁﾔ-ｼﾞ)
81110-3A580   , ,HID,30-234,付き,,,,10TH ANNIVERSARY EDITION *(G)
81150-3A700   , ,HID,30-234, ,,,,10TH ANNIVERSARY EDITION *(G)
81110-30G50   , ,LED,30-386, ,,,,ＬＥＤ ＆ 有り（ＡＦＳ）
81110-30G60   , ,LED,30-387,付き,,,,ＬＥＤ ＆ 有り（ＡＦＳ ＆ ナイトビュー）＆ナイトビュー－有り
81150-30G50   , ,LED,30-386, ,,,,ＬＥＤ ＆ 有り（ＡＦＳ）
81150-30G60   , ,LED,30-387,付き,,,,ＬＥＤ ＆ 有り（ＡＦＳ ＆ ナイトビュー）＆ナイトビュー－有り
81110-30K30   , , , , ,,,, 
81110-30K40   , , , , ,,,,ＬＥＤ ＆ 有り（ＡＦＳ ＆ ナイトビュー）＆ナイトビュー－有り
81150-30K30   , , , , ,,,, 
81150-30K40   , , , , ,,,,ＬＥＤ ＆ 有り（ＡＦＳ ＆ ナイトビュー）＆ナイトビュー－有り
81110-30A90   , ,HID,30-359,付き,,,, 
81110-30E10   ,C,HID,30-360, ,,,,プリクラッシュシステム－有り（＊ＭＲＴ）＆スピードメータ－ファイングラフィック
81150-30B00   , ,HID,30-359,付き,付き,,, 
81150-30B10   ,C,HID,30-360,付き,付き,,,プリクラッシュシステム－有り（＊ＭＲＴ）＆スピードメータ－ファイングラフィック
81110-30L60   , , , , ,,,, 
81150-30L60   , , , , ,,,, 
81110-40041   , ,ハロゲン,Jul-40, ,,,, 
81150-40041   , ,ハロゲン,Jul-40, ,,,, 
81110-40060   , ,HID,40-24, ,,,, 
81150-40060   , ,HID,40-24, ,,,, 
81110-72010   ,240, , , ,,,, 
81110-72020   ,240F&240G,HID,Feb-72,付き,,,, 
81110-72030   , , , , ,,,, 
81150-72010   ,240,ハロゲン,Jan-72,付き,,,, 
81150-72020   ,240F&240G,HID,Feb-72,付き,,,, 
81150-72030   , ,,Mar-72,付き,付き,,, 
81110-72031   , ,HID,Mar-72,,,,, 
81150-72031   , ,HID,Mar-72,付き,付き,,, 
81110-72011   ,240,ハロゲン,Jan-72,付き,,,, 
81110-72021   ,240G&ARIAL,HID,Feb-72,付き,,,, 
81150-72011   ,240,ハロゲン,Jan-72,付き,,,, 
81150-72021   ,240G&ARIAL,HID,Feb-72,付き,,,, 
81110-72050   ,240G,HID,Feb-72,付き,,,,２４０Ｇ “Ｂｌａｃｋ Ｐｅａｒｌ ｌｉｍｉｔｅｄ”＊（Ｈ）６人乗り
81150-72040   ,240G,HID,Feb-72,付き,,,,２４０Ｇ “Ｂｌａｃｋ Ｐｅａｒｌ ｌｉｍｉｔｅｄ”＊（Ｈ）６人乗り
81110-72032   , , , , ,,,, 
81150-72032   , , , , ,,,, 
81110-07050   , , , , ,,,,ﾃﾞｲｽﾁﾔ-ｼﾞ
81110-07060   , , , , ,,,, 
81150-07050   , , , , ,,,,ﾃﾞｲｽﾁﾔ-ｼﾞ
81150-07060   , , , , ,,,, 
81110-50340   , ,HID,50-84,付き,,,,ｖｅｒｓｉｏｎ Ｕ ｏｒ ｖｅｒｓｉｏｎ ＵＩ ｐａｃｋａｇｅ＆プリクラッシュシステム－有り（＊ＳＴＣ＆＊ＤＭＯ＆＊ＲＰＣＳ＆＊ＰＢ）
81150-50340   , ,HID,50-84,付き,,,,ｖｅｒｓｉｏｎ Ｕ ｏｒ ｖｅｒｓｉｏｎ ＵＩ ｐａｃｋａｇｅ＆プリクラッシュシステム－有り（＊ＳＴＣ＆＊ＤＭＯ＆＊ＲＰＣＳ＆＊ＰＢ）
81110-50341   , ,HID,50-84,付き,,,,プリクラッシュシステム－有り（＊ＳＴＣ＆＊ＤＭＯ＆＊ＲＰＣＳ＆＊ＰＢ）
81150-50341   , ,HID,50-84,付き,,,,プリクラッシュシステム－有り（＊ＳＴＣ＆＊ＤＭＯ＆＊ＲＰＣＳ＆＊ＰＢ）
81110-50530   , , , , ,,,,プリクラッシュシステム－有り（＊ＭＲＴ＆＊ＰＢ＆＊ＰＳＢ）＆ナイトビュー－歩行者検知機能付き
81150-50530   , , , , ,,,,プリクラッシュシステム－有り（＊ＭＲＴ＆＊ＰＢ＆＊ＰＳＢ）＆ナイトビュー－歩行者検知機能付き
81110-50531   , ,HID,50-104,付き,,,,プリクラッシュシステム－有り（＊ＭＲＴ＆＊ＰＢ＆＊ＰＳＢ）＆ナイトビュー－歩行者検知機能付き
81150-50531   , ,HID,50-104,付き,,,,プリクラッシュシステム－有り（＊ＭＲＴ＆＊ＰＢ＆＊ＰＳＢ）＆ナイトビュー－歩行者検知機能付き
81110-50532   , , , , ,,,,プリクラッシュシステム－有り（＊ＭＲＴ＆＊ＰＢ＆＊ＰＳＢ）＆ナイトビュー－歩行者検知機能付き
81150-50532   , , , , ,,,,プリクラッシュシステム－有り（＊ＭＲＴ＆＊ＰＢ＆＊ＰＳＢ）＆ナイトビュー－歩行者検知機能付き
81110-50680   , , , , ,,,, 
81110-50690   , ,LED,50-141,付き,,,,ＬＥＤ ＆ ＊ＡＦＬＳ ＆ ＊ＡＨＳ
81110-50700   , ,HID,50-132, ,付き,,, 
81110-50720   , , , , ,,,,プリクラッシュシステム－有り（＊ＲＰＣＳ＆＊ＰＢ）＆ＬＥＤ ＆ ＊ＡＦＬＳ ＆ ＊ＡＨＳ
81110-50730   , , , , ,,,,プリクラッシュシステム－有り（＊ＲＰＣＳ＆＊ＰＢ）
81150-50680   , , , , ,,,, 
81150-50690   , ,LED,50-141,付き,,,,ＬＥＤ ＆ ＊ＡＦＬＳ ＆ ＊ＡＨＳ
81150-50700   , , , , ,,,, 
81150-50720   , , , , ,,,,プリクラッシュシステム－有り（＊ＲＰＣＳ＆＊ＰＢ）＆ＬＥＤ ＆ ＊ＡＦＬＳ ＆ ＊ＡＨＳ
81150-50730   , , , , ,,,,プリクラッシュシステム－有り（＊ＲＰＣＳ＆＊ＰＢ）
81110-50A90   , , , , ,,,,ＬＥＤ ＆ ＊ＡＦＬＳ ＆ ＊ＡＨＳ
81110-50B00   , , , , ,,,,プリクラッシュシステム－有り（＊ＲＰＣＳ＆＊ＰＢ）＆ＬＥＤ ＆ ＊ＡＦＬＳ ＆ ＊ＡＨＳ
81150-50A90   , , , , ,,,,ＬＥＤ ＆ ＊ＡＦＬＳ ＆ ＊ＡＨＳ
81150-50B00   , , , , ,,,,プリクラッシュシステム－有り（＊ＲＰＣＳ＆＊ＰＢ）＆ＬＥＤ ＆ ＊ＡＦＬＳ ＆ ＊ＡＨＳ
81110-50A60   , , , , ,,,, 
81110-50A70   , , , , ,,,, 
81110-50A80   , ,HID,50-158,,,,,プリクラッシュシステム－有り（＊ＲＰＣＳ＆＊ＰＢ）
81150-50A60   , , , , ,,,, 
81150-50A70   , , , , ,,,, 
81150-50A80   , , , , ,,,,プリクラッシュシステム－有り（＊ＲＰＣＳ＆＊ＰＢ）
81110-50A91   , , , , ,,,,ＬＥＤ ＆ ＊ＡＦＬＳ ＆ ＊ＡＨＳ
81110-50B01   , , , , ,,,,プリクラッシュシステム－有り（＊ＲＰＣＳ＆＊ＰＢ）＆ＬＥＤ ＆ ＊ＡＦＬＳ ＆ ＊ＡＨＳ
81150-50A91   , , , , ,,,,ＬＥＤ ＆ ＊ＡＦＬＳ ＆ ＊ＡＨＳ
81150-50B01   , ,LED,50-160, ,,,,プリクラッシュシステム－有り（＊ＲＰＣＳ＆＊ＰＢ）＆ＬＥＤ ＆ ＊ＡＦＬＳ ＆ ＊ＡＨＳ
81110-11010   , , , , ,,,, 
81150-11010   , , , , ,,,, 
81110-77020   , , , , ,,,, 
81150-77020   , , , , ,,,, 
81110-48660   , , , , ,,,, 
81150-48660   , , , , ,,,, 
81110-48661   , , , , ,,,, 
81110-48731   , , , , ,,,, 
81150-48661   , ,HID,48-77, ,,,, 
81150-48731   , , , , ,,,, 
81110-48861   , , , , ,,,,ＬＥＤ＆ＡＦＳ
81150-48861   , ,LED,48-117, ,,,,ＬＥＤ＆ＡＦＳ
81110-48732   , , , , ,,,, 
81150-48732   , , , , ,,,, 
81110-48662   , , , , ,,,, 
81150-48662   , , , , ,,,, 
81110-48A51   , , , , ,,,,“Ａｒｔ Ｗｏｒｋｓ” ＊（Ｍ）
81150-48A51   , ,, , ,,,,“Ａｒｔ Ｗｏｒｋｓ” ＊（Ｍ）
81110-48A41   , ,HID,48-127, ,無し,,, 
81150-48A41   , , , , ,,,, 
81110-48B90   , , , , ,,,, 
81150-48B90   , , , , ,,,, 
81110-48C20   , , , , ,,,, 
81150-48C20   , , , , ,,,, 
81110-48440   , ,LED,48-147,付き,,,, 
81150-48890   , ,LED,48-147, ,,,, 
81110-78040   , , , , ,,,, 
81110-78070   , , , , ,,,,ハイビーム（ＬＥＤ＆オートマチックハイビーム）
81150-78040   , , , , ,,,, 
81150-78070   , , , , ,,,,ハイビーム（ＬＥＤ＆オートマチックハイビーム）
81110-78041   , , , , ,,,, 
81110-78071   , , , , ,,,,ハイビーム（ＬＥＤ＆オートマチックハイビーム）
81150-78041   , ,LED,78-14, ,,,, 
81150-78071   , , , , ,,,,ハイビーム（ＬＥＤ＆オートマチックハイビーム）
81110-10870   ,G&GT,ハロゲン,10-99, ,,,, 
81110-10890   , ,LED,10-101, ,,,,ＬＥＤ＆＊ＡＨＢ
81150-10870   ,G&GT,ハロゲン,10-99, ,,,, 
81150-10890   , ,LED,10-101, ,,,,ＬＥＤ＆＊ＡＨＢ
81110-B2720   , ,ハロゲン,100-51090,付き,,,, 
81150-B2760   , ,ハロゲン,100-51090,付き,,,, 
81110-B2721   , ,ハロゲン,100-51090,付き,,,, 
81150-B2761   , ,ハロゲン,100-51090,付き,,,, 
81110-B2540   ,CTMG&CTMRS&CTMX,HID,100-51968,付き,,,, 
81150-B2530   ,CTMG&CTMRS&CTMX,HID,100-51968,付き,,,, 
81110-B2520   ,L&X,ハロゲン,100-51963,付き,,,,レベリング モータ 付
81150-B2140   ,L&X,ハロゲン,100-51963,付き,,,,レベリング モータ 付
81110-B2541   ,CTMG&CTMRS&CTMX,HID,100-51968,付き,,,, 
81150-B2531   ,CTMG&CTMRS&CTMX,HID,100-51968,付き,,,, 
81150-B2490   ,CTMG&CTMRS&CTMX,HID,100-51093,付き,,,, 
81150-B2790   ,L&X, , , ,,,, 
81110-B2490   ,CTMG&CTMRS&CTMX,HID,100-51099,付き,,,, 
81110-B2790   ,L&X,ハロゲン,100-51100,付き,,,, 
81110-97521   , ,ハロゲン,100-51700,付き,,,, 
81150-97518   , ,ハロゲン,100-51700, ,,,, 
81110-97529   , , , , ,,,,S ﾊﾟﾂｹ-ｼﾞ
81110-97530   , ,ハロゲン,100-51700, ,,,, 
81150-97526   , ,,, ,,,,S ﾊﾟﾂｹ-ｼﾞ
81150-97527   , ,ハロゲン,100-, ,,,, 
81110-BZ110   , ,ハロゲン,1819,付き,,,,スポンジ ゴム無し
81150-BZ110   , ,ハロゲン,1819,付き,,,,スポンジ ゴム無し
81110-BZ111   , ,ハロゲン,1819, ,,,,スポンジ ゴム付き
81150-BZ111   , ,ハロゲン,1819, ,,,,スポンジ ゴム付き
81110-87410   , ,ハロゲン,R7376, ,,,, 
81150-87410   , ,ハロゲン,R7376, ,,,, 
81110-87418   ,Q,ハロゲン,P0757, ,,,,ｴｱﾛ ﾊﾞ-ｼﾞﾖﾝ
81110-87422   , ,ハロゲン,P0757, ,,,, 
81150-87418   ,Q,ハロゲン,P0757, ,,,,ｴｱﾛ ﾊﾞ-ｼﾞﾖﾝ
81150-87422   , ,ハロゲン,P0757, ,,,, 
81110-B4020   , ,ハロゲン,P5913,付き,,,, 
81110-B4030   , ,HID,P6075, ,,,,ＲＨＤ ＨＩＤ
81150-B4020   , ,ハロゲン,P5913,付き,,,, 
81150-B4030   , ,HID,P6075, ,,,,ＲＨＤ ＨＩＤ
81110-B4160   , , , , ,,,, 
81110-B4170   ,G, , , ,,,,Ｌ パッケージ（Ａ）＆ＲＨＤ ＨＩＤ
81150-B4160   , ,ハロゲン,W1769,付き,,,, 
81150-B4170   ,G, , , ,,,,Ｌ パッケージ（Ａ）＆ＲＨＤ ＨＩＤ
81110-35450   , , , , ,,,, 
81150-35430   , , , , ,,,, 
81110-35480   ,SSRX, , , ,,,,“ＬＩＭＩＴＥＤ６０ｔｈスペシャルエディション”
81150-35460   ,SSRX, , , ,,,,“ＬＩＭＩＴＥＤ６０ｔｈスペシャルエディション”
81110-35451   , , , , ,,,, 
81110-35481   ,SSRX, , , ,,,,ＬＩＭＩＴＥＤパッケージ
81150-35431   , , , , ,,,, 
81150-35461   ,SSRX, , , ,,,,ＬＩＭＩＴＥＤパッケージ
81110-0KC11   ,X, , , ,,,, 
81150-0KC11   ,X, , , ,,,, 
81110-0K700   ,Z,LED,0K-53, ,,,,有り（＊ＤＡＬ ＆ ＊ＣＬ ＬＥＮＳ）
81150-0K700   ,Z,LED,0K-53, ,,,,有り（＊ＤＡＬ ＆ ＊ＣＬ ＬＥＮＳ）
81110-0KC12   ,X, , , ,,,, 
81150-0KC12   ,X, , , ,,,, 
81110-0K702   ,Z, , , ,,,,無し（＊ＤＡＬ ＆ ＊ＣＬ ＬＥＮＳ）
81150-0K702   ,Z, , , ,,,,無し（＊ＤＡＬ ＆ ＊ＣＬ ＬＥＮＳ）
81110-0KE70   ,Z,,, ,,,, 
81150-0KE70   ,Z,LED,0K-53, ,,,, 
81110-26230   , ,ハロゲン,26-90, ,,,, 
81150-26130   , ,ハロゲン,26-90, ,,,, 
81110-26390   , ,ハロゲン,26-117,付き,,,, 
81110-26430   , , , , ,,,, 
81150-26390   , , , , ,,,, 
81150-26430   , , , , ,,,, 
81110-26470   , ,ハロゲン,26-117,付き,,,, 
81110-26480   , ,ハロゲン,26-117,付き,,,, 
81150-26470   , ,ハロゲン,26-117,付き,,,, 
81150-26480   , ,ハロゲン,26-117,付き,,,, 
81110-26530   , , , , ,,,,寒冷地仕様
81110-26540   , ,HID,26-129,付き,,,,寒冷地仕様
81150-26530   , , , , ,,,,寒冷地仕様
81150-26540   , ,HID,26-129, ,,,,寒冷地仕様
81110-26550   , ,ハロゲン,26-126,付き,,,, 
81110-26560   , ,ハロゲン,26-126,付き,,,, 
81110-26650   ,SGL,HID,26-129,付き,,,,ディスチャージ
81150-26550   , ,ハロゲン,26-126,付き,,,, 
81150-26560   , ,ハロゲン,26-126,付き,,,, 
81150-26650   ,SGL,HID,26-129,付き,,,,ディスチャージ
81110-26660   ,DX,HID,26-129,付き,,,,ディスチャージ
81150-26660   ,DX,HID,26-129,付き,,,,ディスチャージ
81110-26840   , ,LED,26-137, ,,,,ＬＥＤ
81150-26840   , ,LED,26-137, ,,,,ＬＥＤ
81110-26710   , ,ハロゲン,26-131, ,,,, 
81110-26720   , ,ハロゲン,26-131,,,,, 
81150-26710   , ,ハロゲン,26-131, ,,,, 
81150-26720   , ,ハロゲン,26-131, ,,,, 
81110-26841   , , , , ,,,,ＬＥＤ
81150-26841   , , , , ,,,,ＬＥＤ
81110-26A30   ,SGL, , , ,,,,ＳＵＰＥＲ ＧＬ “ＤＡＲＫ ＰＲＩＭＥ”＊（Ｄ）＆ＬＥＤ
81110-26A40   , , , , ,,,,ＳＵＰＥＲ ＧＬ “ＤＡＲＫ ＰＲＩＭＥ”＊（Ｄ）＆ＬＥＤ
81150-26A30   ,SGL, , , ,,,,ＳＵＰＥＲ ＧＬ “ＤＡＲＫ ＰＲＩＭＥ”＊（Ｄ）＆ＬＥＤ
81150-26A40   , , , , ,,,,ＳＵＰＥＲ ＧＬ “ＤＡＲＫ ＰＲＩＭＥ”＊（Ｄ）＆ＬＥＤ
81110-26201   , , , , ,,,, 
81150-26211   , , , , ,,,, 
81110-58100   ,350G&350X,HID,58-22,付き,付き,,, 
81110-58120   ,350S,HID,58-22,付き,付き,,, 
81110-58140   ,35V&35X,LED,58-24,付き,,,, 
81110-58160   ,35Z,HID,58-24,付き,,,, 
81150-58100   ,350G&350X,HID,58-22,付き,付き,,, 
81150-58120   ,350S,HID,58-22,付き,付き,,, 
81150-58140   ,35V&35X,HID,58-24,付き,付き,,, 
81150-58160   ,35Z,HID,58-24,付き,付き,,, 
81110-58090   ,240G&240X,HID,58-21,付き,付き,,, 
81110-58110   ,240S,HID,58-21,付き,付き,,, 
81110-58130   ,24V&24X,HID,58-23,付き,付き,,, 
81110-58150   ,24Z,HID,58-23,付き,,,, 
81150-58090   ,240G&240X,HID,58-21,付き,,,, 
81150-58110   ,240S,HID,58-21,付き,,,, 
81150-58130   ,24V&24X,HID,58-23,付き,,,, 
81150-58150   ,24Z,HID,58-23,付き,付き,,, 
81110-58101   ,350G&350X,HID,58-22,付き,付き,,, 
81110-58121   ,350S,HID,58-22,付き,付き,,, 
81110-58141   ,35V&35X,HID,58-24,付き,付き,,, 
81110-58161   ,35Z,HID,58-24,付き,付き,,, 
81150-58101   ,350G&350X,HID,58-22,付き,付き,,, 
81150-58121   ,350S,HID,58-22,付き,付き,,, 
81150-58141   ,35V&35X,HID,58-24,付き,付き,,, 
81150-58161   ,35Z,HID,58-24,付き,付き,,, 
81110-58091   ,240G&240X,HID,58-21,付き,無し,,, 
81110-58111   ,240S,HID,58-21, ,無し,,, 
81110-58131   ,24V&24X,HID,58-23, ,無し,,, 
81110-58142   ,35V&35X, , , ,,,, 
81110-58151   ,24Z,HID,58-23,付き,無し,,, 
81150-58091   ,240G&240X,HID,58-21,付き,無し,,, 
81150-58111   ,240S,HID,58-21, ,無し,,, 
81150-58131   ,24V&24X,HID,58-23, ,無し,,, 
81150-58142   ,35V&35X, , , ,,,, 
81150-58151   ,24Z,HID,58-23,付き,無し,,, 
81110-58180   ,240S, , , ,,,, 
81110-58190   ,350S&HBDSR,HID,58-22,付き,付き,,, 
81110-58200   ,24V&24X&HBDX,HID,58-23,付き,,,, 
81110-58210   ,35V&HBDV, , , ,,,, 
81110-58220   ,24Z,HID,58-23,付き,,,, 
81110-58230   ,35Z&HBDZR, , , ,,,, 
81110-58250   ,350G&HBDG, , , ,,,, 
81150-58180   ,240S, , , ,,,, 
81150-58190   ,350S&HBDSR,HID,58-22,付き,付き,,, 
81150-58200   ,24V&24X&HBDX,HID,58-23,付き,,,, 
81150-58210   ,35V&HBDV, , , ,,,, 
81150-58220   ,24Z,HID,58-23,付き,,,, 
81150-58230   ,35Z&HBDZR, , , ,,,, 
81150-58250   ,350G&HBDG,HID,58-22,付き,付き,,, 
81110-58240   ,240G&240X&HBDX,HID,58-21, ,,,, 
81150-58240   ,240G&240X&HBDX,HID,58-21,付き,,,, 
81110-58181   ,240S,HID,58-21,付き,,,, 
81110-58191   ,350S&HBDSR, , , ,,,, 
81110-58201   ,24V&24X&HBDX,HID,58-23,付き,,,, 
81110-58211   ,35V&HBDV,HID,58-24, ,付き,,, 
81110-58221   ,24Z,HID,58-23, ,,,, 
81110-58231   ,35Z&HBDZR,HID,58-24, ,付き,,, 
81110-58251   ,350G&HBDG,HID,58-22, ,付き,,, 
81150-58181   ,240S, , , ,,,, 
81150-58191   ,350S&HBDSR,HID,58-22,付き,,,, 
81150-58201   ,24V&24X&HBDX,HID,58-23, ,,,, 
81150-58211   ,35V&HBDV, , , ,,,, 
81150-58221   ,24Z,HID,58-23,付き,,,, 
81150-58231   ,35Z&HBDZR,HID,58-24, ,,,, 
81150-58251   ,350G&HBDG,HID,58-22,付き,付き,,, 
81110-58241   ,240G&240X&HBDX,HID,58-21,付き,,,, 
81150-58241   ,240G&240X&HBDX,HID,58-21, ,無し,,, 
81110-58271   ,24Z, , , ,,,,＊３６５ ｏｒ ＊３６６
81110-58281   ,35Z, , , ,,,,＊３６５ ｏｒ ＊３６６
81150-58271   ,24Z, , , ,,,,＊３６５ ｏｒ ＊３６６
81150-58281   ,35Z, , , ,,,,＊３６５ ｏｒ ＊３６６
81110-58290   ,24Z, , , ,,,,Ｇ’ｓ
81110-58300   ,35Z, , , ,,,,Ｇ’ｓ
81150-58290   ,24Z, , , ,,,,Ｇ’ｓ
81150-58300   ,35Z, , , ,,,,Ｇ’ｓ
81110-58310   ,24Z, , , ,,,,＊３６５ ｏｒ ＊３６６
81110-58320   ,35Z, , , ,,,,＊３６５ ｏｒ ＊３６６
81150-58310   ,24Z, , , ,,,,＊３６５ ｏｒ ＊３６６
81150-58320   ,35Z, , , ,,,,＊３６５ ｏｒ ＊３６６
81110-58330   ,X,LED,58-60,付き,,,, 
81110-58340   ,EL&G&GF,LED,58-61, ,,,, 
81110-58370   ,S&SA,LED,58-60, ,,,, 
81110-58380   ,SR,LED,58-61, ,,,, 
81110-58390   ,X&Z&ZA,LED,58-64, ,,,, 
81110-58400   ,EL&V&VL&ZR,LED,58-65, ,,,, 
81150-58330   ,X,LED,58-60,付き,,,, 
81150-58340   ,EL&G&GF,LED,58-61,付き,,,, 
81150-58370   ,S&SA,LED,58-60,付き,,,, 
81150-58380   ,SR,LED,58-61, ,,,, 
81150-58390   ,X&Z&ZA,LED,58-64,付き,,,, 
81150-58400   ,EL&V&VL&ZR, , , ,,,, 
81110-58040   , ,HID,Oct-58,付き,,,, 
81150-58040   , ,HID,Oct-58,付き,,,, 
81110-58080   , ,HID,Oct-58,付き,,,, 
81150-58080   , ,HID,Oct-58,付き,,,, 
81110-37170   , ,ハロゲン,1635,付き,,,, 
81150-37171   , , , , ,,,, 
81110-37200   , ,ハロゲン,100-77868, ,,,,&230
81150-37200   , , , , ,,,,&230
81110-37201   , ,ハロゲン,110-77868, ,,,, 
81150-37201   , , , , ,,,, 
81110-25200   , ,ハロゲン,100-78547, ,,,, 
81150-25200   , , , , ,,,, 
81110-37280   , ,ハロゲン,100-78451,付き,,,, 
81150-37280   , , , , ,,,, 
81110-37281   , , , , ,,,, 
81150-37281   , , , , ,,,, 
81150-25230   , , , , ,,,, 
81110-25230   , , , , ,,,, 
81150-25231   , , , , ,,,, 
81110-25231   , , , , ,,,, 
81150-25232   , , , , ,,,, 
81110-25232   , , , , ,,,, 
81150-25233   , , , , ,,,, 
81150-37464   , , , , ,,,, 
81110-37463   , , , , ,,,, 
81150-37465   , , , , ,,,, 
81110-37640   , , , , ,,,, 
81150-37640   , , , , ,,,, 
81150-37110   , ,ハロゲン,1635, ,,,, 
81150-37170   , , , , ,,,, 
81110-37210   , ,ハロゲン,100-77868, ,,,, 
81150-37210   , , , , ,,,, 
81110-37110   , , , , ,,,, 
81150-37111   , , , , ,,,, 
81110-37211   , , , , ,,,, 
81150-37211   , , , , ,,,, 
81110-37310   , ,ハロゲン, ,付き,,,, 
81150-37310   , , , , ,,,, 
81110-37290   , ,ハロゲン,100-78451,付き,,,, 
81150-37290   , , , , ,,,, 
81110-37291   , ,ハロゲン,100-78451,付き,,,, 
81150-37291   , , , , ,,,, 
81110-37351   , ,ハロゲン,100-78818,付き,,,, 
81110-37460   , , , , ,,,, 
81150-37351   , ,ハロゲン,100-78818,付き,,,, 
81150-37460   , , , , ,,,, 
81110-37390   , , ,Oct-37, ,,,,ディスチャージ
81150-37390   , , , , ,,,,ディスチャージ
81150-37352   , , , , ,,,, 
81150-37461   , , , , ,,,, 
81110-37461   , , , , ,,,, 
81110-37352   , , , , ,,,, 
81150-37462   , , , , ,,,, 
81150-37353   , ,ハロゲン,100-78451,付き,,,, 
81110-37462   , , , , ,,,, 
81150-37463   , , , , ,,,, 
81110-37353   , , , , ,,,, 
81150-37354   , , , , ,,,, 
81110-37354   , ,ハロゲン,100-78818, ,,,, 
81150-37355   , , , , ,,,, 
81110-37355   , , , , ,,,,ハロゲン
81150-37356   , , , , ,,,,ハロゲン
81110-37630   , , , , ,,,,&IV3&IV5&IV6&IV7
81150-37630   , , , , ,,,,&IV3&IV5&IV6&IV7
81110-37740   , , , , ,,,,フロントアンダプロテクタ－有り（フロントバンパ リインホースメント）
81150-37740   , , , , ,,,,フロントアンダプロテクタ－有り（フロントバンパ リインホースメント）
81110-37770   , , , , ,,,,フロントアンダプロテクタ－有り（ＦＲバンパ一体）
81110-37870   , , , , ,,,,フロントアンダプロテクタ－有り（ＦＲバンパ一体）＆クリーナ－有り
81150-37770   , , , , ,,,,フロントアンダプロテクタ－有り（ＦＲバンパ一体）
81150-37870   , , , , ,,,,フロントアンダプロテクタ－有り（ＦＲバンパ一体）＆クリーナ－有り
81110-37771   , , , , ,,,,クリーナ－無し
81110-37871   , , , , ,,,, 
81150-37771   , , , , ,,,,クリーナ－無し
81150-37871   , , , , ,,,, 
81110-37160   , , , , ,,,,ﾃﾞｲｽﾁﾔ-ｼﾞ
81150-37160   , , , , ,,,,ﾃﾞｲｽﾁﾔ-ｼﾞ
81110-37220   , , , , ,,,,ﾃﾞｲｽﾁﾔ-ｼﾞ
81150-37220   , , , , ,,,,ﾃﾞｲｽﾁﾔ-ｼﾞ
81110-37300   , , , , ,,,,ﾃﾞｲｽﾁﾔ-ｼﾞ
81150-37300   , , , , ,,,,ﾃﾞｲｽﾁﾔ-ｼﾞ
81110-37410   , , , , ,,,, 
81110-37420   , , , , ,,,,ディスチャージ
81150-37410   , , , , ,,,, 
81150-37420   , , , , ,,,,ディスチャージ
81110-37750   , , , , ,,,, 
81150-37750   , , , , ,,,, 
81110-37780   , , , , ,,,, 
81150-37780   , , , , ,,,, 
81110-37751   , , , , ,,,, 
81150-37751   , , , , ,,,, 
81110-6A050   , , , , ,,,, 
81150-60770   , , , , ,,,, 
81110-60E20   , , , , ,,,, 
81150-60D80   , , , , ,,,, 
81110-60G50   , , , , ,,,, 
81110-60J40   , , , , ,,,, 
81150-60G50   , , , , ,,,, 
81150-60J40   , , , , ,,,, 
81110-60J90   ,AX&ZX, , , ,,,, 
81110-60K30   ,GX, , , ,,,, 
81150-60J90   ,AX&ZX, , , ,,,, 
81150-60K30   ,GX, , , ,,,, 
81110-60G90   ,ZX, , , ,,,,ＺＸ”Ｇ－ＦＲＯＮＴＩＥＲ”＊（Ｂ）
81150-60G90   ,ZX, , , ,,,,ＺＸ”Ｇ－ＦＲＯＮＴＩＥＲ”＊（Ｂ）
81110-60J91   ,AX&ZX, , , ,,,, 
81110-60K31   ,GX, , , ,,,, 
81150-60J91   ,AX&ZX, , , ,,,, 
81150-60K31   ,GX, , , ,,,, 
81110-60G91   ,ZX, , , ,,,,ＺＸ”Ｇ－ＦＲＯＮＴＩＥＲ”＊（Ｂ）
81150-60G91   ,ZX, , , ,,,,ＺＸ”Ｇ－ＦＲＯＮＴＩＥＲ”＊（Ｂ）
81110-60J92   ,AX&ZX, , , ,,,, 
81110-60K32   ,GX, , , ,,,, 
81150-60J92   ,AX&ZX, , , ,,,, 
81150-60K32   ,GX, , , ,,,, 
81110-60L20   , , , , ,,,,ＬＥＤ ＆ 有り（＊ＡＨＳ ＆ シーケンシャルターン）
81150-60L00   , , , , ,,,,ＬＥＤ ＆ 有り（＊ＡＨＳ ＆ シーケンシャルターン）
81110-60L60   , , , , ,,,, 
81150-60L40   , , , , ,,,, 
81110-60L21   , , , , ,,,,ＬＥＤ ＆ 有り（＊ＡＨＳ ＆ シーケンシャルターン）
81110-60L61   , , , , ,,,, 
81150-60L01   , , , , ,,,,ＬＥＤ ＆ 有り（＊ＡＨＳ ＆ シーケンシャルターン）
81150-60L41   , , , , ,,,, 
81110-36370   , , , , ,,,, 
81150-36350   , , , , ,,,, 
81110-36430   , , , , ,,,, 
81150-36410   , , , , ,,,, 
81110-36510   , , , , ,,,, 
81110-36520   , , , , ,,,, 
81150-36490   , , , , ,,,, 
81150-36500   , , , , ,,,, 
81110-36560   , , , , ,,,, 
81150-36540   , , , , ,,,, 
81110-36550   ,STD, , , ,,,, 
81150-36530   ,STD, , , ,,,, 
81110-36540   , , , , ,,,, 
81150-36520   , , , , ,,,, 
81110-B5060   , , , , ,,,,デバイスＮＯ．１００－５１７７１
81150-B5060   , , , , ,,,,デバイスＮＯ．１００－５１７７１
81110-B5130   , , , , ,,,,デバイスＮＯ．１００－５１３９３
81150-B5130   , , , , ,,,,デバイスＮＯ．１００－５１３９３
81110-B5050   , , , , ,,,, 
81150-B5050   , , , , ,,,, 
